Model,Runtime,MSE
XGBoost,303.4807093143463,74.67621554641433
XGBoost (dask-ml),332.4639229774475,67.66943909698233
